<application>
  <component name="com.intellij.ide.ui.customization.CustomActionsSchema">
    <group value="main.toolbar.git.Branches" is_action="true" action_type="-1" position="1">
      <path value="root" />
      <path value="Main Toolbar Left" />
      <option name="myInitialPosition" value="-1" />
    </group>
    <group value="ShowSettings" is_action="true" action_type="1" position="1">
      <path value="root" />
      <path value="Main Toolbar Left" />
      <option name="myInitialPosition" value="-1" />
    </group>
  </component>
</application>