<application>
  <component name="LocalDatabaseDriverManager" version="201">
    <driver id="mysql.8">
      <artifact />
      <library>
        <url>file://D:/apache-maven-3.6.3/repository/com/mysql/mysql-connector-j/8.0.33/mysql-connector-j-8.0.33.jar</url>
      </library>
    </driver>
    <driver id="sqlite.xerial">
      <artifact id="Xerial SQLiteJDBC" name="Xerial SQLiteJDBC" use="true" version="3.40.1" />
    </driver>
    <driver id="redis">
      <artifact id="Redis" name="Redis" use="true" version="1.3" />
    </driver>
  </component>
</application>