<application>
  <component name="LanguageInjectionConfiguration">
    <injection language="RoomSql" injector-id="java">
      <display-name>Room Query annotation</display-name>
      <single-file value="true" />
      <place><![CDATA[psiMethod().withName("value").withParameters().definedInClass("android.arch.persistence.room.DatabaseView")]]></place>
      <place><![CDATA[psiMethod().withName("value").withParameters().definedInClass("android.arch.persistence.room.Query")]]></place>
      <place><![CDATA[psiMethod().withName("value").withParameters().definedInClass("androidx.room.DatabaseView")]]></place>
      <place><![CDATA[psiMethod().withName("value").withParameters().definedInClass("androidx.room.Query")]]></place>
    </injection>
    <injection language="RoomSql" injector-id="java">
      <display-name>SQLiteDatabase methods</display-name>
      <single-file value="true" />
      <place><![CDATA[psiParameter().ofMethod(0, psiMethod().withName("compileStatement").withParameters("java.lang.String").definedInClass("android.arch.persistence.db.SupportSQLiteDatabase"))]]></place>
      <place><![CDATA[psiParameter().ofMethod(0, psiMethod().withName("compileStatement").withParameters("java.lang.String").definedInClass("android.database.sqlite.SQLiteDatabase"))]]></place>
      <place><![CDATA[psiParameter().ofMethod(0, psiMethod().withName("compileStatement").withParameters("java.lang.String").definedInClass("androidx.sqlite.db.SupportSQLiteDatabase"))]]></place>
      <place><![CDATA[psiParameter().ofMethod(0, psiMethod().withName("execSQL").withParameters("java.lang.String").definedInClass("android.arch.persistence.db.SupportSQLiteDatabase"))]]></place>
      <place><![CDATA[psiParameter().ofMethod(0, psiMethod().withName("execSQL").withParameters("java.lang.String").definedInClass("android.database.sqlite.SQLiteDatabase"))]]></place>
      <place><![CDATA[psiParameter().ofMethod(0, psiMethod().withName("execSQL").withParameters("java.lang.String").definedInClass("androidx.sqlite.db.SupportSQLiteDatabase"))]]></place>
      <place><![CDATA[psiParameter().ofMethod(0, psiMethod().withName("execSQL").withParameters("java.lang.String", "java.lang.Object[]").definedInClass("android.arch.persistence.db.SupportSQLiteDatabase"))]]></place>
      <place><![CDATA[psiParameter().ofMethod(0, psiMethod().withName("execSQL").withParameters("java.lang.String", "java.lang.Object[]").definedInClass("android.database.sqlite.SQLiteDatabase"))]]></place>
      <place><![CDATA[psiParameter().ofMethod(0, psiMethod().withName("execSQL").withParameters("java.lang.String", "java.lang.Object[]").definedInClass("androidx.sqlite.db.SupportSQLiteDatabase"))]]></place>
      <place><![CDATA[psiParameter().ofMethod(0, psiMethod().withName("rawQuery").withParameters("java.lang.String", "java.lang.String[]").definedInClass("android.database.sqlite.SQLiteDatabase"))]]></place>
      <place><![CDATA[psiParameter().ofMethod(0, psiMethod().withName("rawQuery").withParameters("java.lang.String", "java.lang.String[]", "android.os.CancellationSignal").definedInClass("android.database.sqlite.SQLiteDatabase"))]]></place>
      <place><![CDATA[psiParameter().ofMethod(0, psiMethod().withName("validateSql").withParameters("java.lang.String", "android.os.CancellationSignal").definedInClass("android.database.sqlite.SQLiteDatabase"))]]></place>
      <place><![CDATA[psiParameter().ofMethod(1, psiMethod().withName("rawQueryWithFactory").withParameters("android.database.sqlite.SQLiteDatabase.CursorFactory", "java.lang.String", "java.lang.String[]", "java.lang.String").definedInClass("android.database.sqlite.SQLiteDatabase"))]]></place>
      <place><![CDATA[psiParameter().ofMethod(1, psiMethod().withName("rawQueryWithFactory").withParameters("android.database.sqlite.SQLiteDatabase.CursorFactory", "java.lang.String", "java.lang.String[]", "java.lang.String", "android.os.CancellationSignal").definedInClass("android.database.sqlite.SQLiteDatabase"))]]></place>
    </injection>
    <injection language="HQL" injector-id="java">
      <display-name>Session.createQuery (org.hibernate)</display-name>
      <single-file value="true" />
      <place><![CDATA[psiParameter().ofMethod(0, psiMethod().withName("createQuery").definedInClass("org.hibernate.Session"))]]></place>
      <place><![CDATA[psiParameter().ofMethod(0, psiMethod().withName("createQuery").definedInClass("org.hibernate.query.QueryProducer"))]]></place>
      <place><![CDATA[psiParameter().ofMethod(0, psiMethod().withName("createQuery").definedInClass("org.hibernate.reactive.mutiny.Mutiny.Session"))]]></place>
      <place><![CDATA[psiParameter().ofMethod(0, psiMethod().withName("createQuery").definedInClass("org.hibernate.reactive.mutiny.Mutiny.StatelessSession"))]]></place>
      <place><![CDATA[psiParameter().ofMethod(0, psiMethod().withName("createQuery").definedInClass("org.hibernate.reactive.stage.Stage.Session"))]]></place>
      <place><![CDATA[psiParameter().ofMethod(0, psiMethod().withName("createQuery").definedInClass("org.hibernate.reactive.stage.Stage.StatelessSession"))]]></place>
      <place><![CDATA[psiParameter().ofMethod(0, psiMethod().withName("createQuery", "createSelectionQuery", "createMutationQuery").definedInClass("org.hibernate.query.QueryProducer"))]]></place>
    </injection>
  </component>
</application>