<application>
  <component name="UpdatesConfigurable">
    <ignoredBuildNumbers>
      <item value="232.9559.62" />
    </ignoredBuildNumbers>
    <option name="LAST_BUILD_CHECKED" value="IU-223.8836.41" />
    <option name="LAST_TIME_CHECKED" value="1694305320285" />
    <pluginHosts>
      <item value="https://plugins.zhile.io" />
    </pluginHosts>
    <option name="THIRD_PARTY_PLUGINS_ALLOWED" value="true" />
    <option name="WHATS_NEW_SHOWN_FOR" value="223" />
  </component>
</application>