<application>
  <component name="AppStorage">
    <option name="newTranslationDialogCollapseDictViewer" value="false" />
    <option name="newTranslationDialogHeight" value="374" />
    <option name="newTranslationDialogWidth" value="480" />
    <option name="newTranslationDialogX" value="800" />
    <option name="newTranslationDialogY" value="655" />
    <option name="pinNewTranslationDialog" value="true" />
    <histories>
      <item value="Return the cell's style. @return the cell's style. Always not-null. Default cell style has zero index and can be obtained as &lt;code&gt;workbook.getCellStyleAt(0)&lt;code&gt; @see WorkbookgetCellStyleAt(int)" />
      <item value="AQUA" />
      <item value="GREY_25_PERCENT (0x16, -1, 0xC0C0C0), ROSE (0x2D, -1, 0xFF99CC), LIGHT_YELLOW (0x2B, -1, 0xFFFF99), LIGHT_GREEN (0x2A, -1, 0xCCFFCC), LIGHT_TURQUOISE (0x29, 0x1B, 0xCCFFFF), PALE_BLUE (0x2C, -1, 0x99CCFF), LAVENDER (0x2E, -1, 0xCC99FF), WHITE (0x09, -1, 0xFFFFFF), CORNFLOWER_BLUE (0x18, -1, 0x9999FF), LEMON_CHIFFON (0x1A, -1, 0xFFFFCC), MAROON (0x19, -1, 0x7F0000), ORCHID (0x1C, -1, 0x660066), CORAL (0x1D, -1, 0xFF8080), ROYAL_BLUE" />
      <item value="set Fill Foreground Color" />
      <item value="FOREGROUND" />
      <item value="SOLID" />
      <item value="SOLID FOREGROUND" />
      <item value="数量" />
      <item value="结束" />
      <item value="Illegal Thread State Exception" />
      <item value="Daemon" />
      <item value="exclude Exception" />
      <item value="Cors" />
      <item value="actually" />
      <item value="Write Null List As Empty" />
      <item value="Unused code should be deleted and can be retrieved from source control history if required." />
      <item value="Programmers should not comment out code as it bloats programs and reduces readability." />
      <item value="Pretty Format" />
      <item value="registry" />
      <item value="conflicts with existing, non-compatible bean definition of same name and class" />
      <item value="non-compatible" />
      <item value="TODO tags are commonly used to mark places where some more code is required, but which the developer wants to implement later." />
      <item value="terminated" />
      <item value="一千" />
      <item value="五百" />
      <item value="百" />
      <item value="5百" />
      <item value="5" />
      <item value="init Entail List" />
      <item value="上课" />
      <item value="Foreword Test" />
      <item value="前言" />
      <item value="Map.compute If Absent" />
      <item value="Computer College" />
      <item value="专业" />
      <item value="Department" />
      <item value="College" />
      <item value="学院" />
      <item value="大学" />
      <item value="zigzag Level Order" />
      <item value="Handler dispatch failed" />
      <item value="Duration" />
      <item value="by adding it and org.springframework.cache.caffeine.CaffeineCacheManager to the classpat" />
      <item value="Caffeine Cache Manager" />
      <item value="完整" />
      <item value="湾沚镇" />
      <item value="Abstract File Path Constant" />
      <item value="relative" />
      <item value="文件相对路径" />
      <item value="文件相对" />
    </histories>
    <option name="languageScores">
      <map>
        <entry key="CHINESE" value="192" />
        <entry key="ENGLISH" value="193" />
        <entry key="POLISH" value="1" />
        <entry key="FRENCH" value="1" />
        <entry key="NORWEGIAN" value="2" />
      </map>
    </option>
  </component>
  <component name="Cache">
    <option name="lastTrimTime" value="1651762570013" />
  </component>
  <component name="Settings">
    <option name="showActionsInContextMenuOnlyWithSelection" value="false" />
    <option name="translateDocumentation" value="true" />
  </component>
  <component name="Translation.Settings">
    <option name="translator" value="MICROSOFT" />
  </component>
</application>